id,created_at,text
1183908206088728576,|b'\xe2\x80\x9cProject Veritas-Obtained Undercover Videos Highlight Jeff Zucker\xe2\x80\x99s (@CNN) Campaign To Destroy Trump. Videos Reveal @CNN\xe2\x80\x99s BIAS!\xe2\x80\x9d @TuckerCarlson @FoxNews Does this sound like a good, or even great, lawsuit?'|
1183900672892309505,|b'A big scandal at @ABC News. They got caught using really gruesome FAKE footage of the Turks bombing in Syria. A real disgrace. Tomorrow they will ask softball questions to Sleepy Joe Biden\xe2\x80\x99s son, Hunter, like why did Ukraine &amp; China pay you millions when you knew nothing? Payoff?'|
1183899559124189184,|b'Shifty Schiff now seems to think they don\xe2\x80\x99t need the Whistleblower, who started the whole Scam. The reason is that the Whistleblower has lost all credibility because the story is so far from the facts on the Transcript. Also, the second Whistleblower is no longer even mentioned!'|
1183873633057476609,b'"The House gone rogue! I want to remind you a little bit about the ring leader in this whole rogue operation against the President of the United States..." @MarkLevinShow https://t.co/EkXsaR9GPh'
1183869954640228352,|b'"It doesn\'t speak for the FULL HOUSE because the FULL HOUSE hasn\'t spoken. The Democrat Party is pushing this Impeachment. This is a Democrat Party Impeachment, as I have been saying, a silent COUP effort." @MarkLevinShow https://t.co/sA9EgI2yBL'|
1183869189049737217,b'"The Democrat Party has hijacked the House of Representatives..." @MarkLevinShow https://t.co/SZhfmhzec2'
1183833640507269120,b'Statement from President Donald J. Trump Regarding Turkey\xe2\x80\x99s Actions in Northeast Syria https://t.co/ZCQC7nzmME'
1183823970979713024,|b'....I would much rather focus on our Southern Border which abuts and is part of the United States of America. And by the way, numbers are way down and the WALL is being built!'|
1183823969197146115,|b'Some people want the United States to protect the 7,000 mile away Border of Syria, presided over by Bashar al-Assad, our enemy. At the same time, Syria and whoever they chose to help, wants naturally to protect the Kurds....'|
1183822494031065088,|b'....and Assad to protect the land of our enemy? Anyone who wants to assist Syria in protecting the Kurds is good with me, whether it is Russia, China, or Napoleon Bonaparte. I hope they all do great, we are 7,000 miles away!'|
1183822488192671745,|b'After defeating 100% of the ISIS Caliphate, I largely moved our troops out of Syria. Let Syria and Assad protect the Kurds and fight Turkey for their own land. I said to my Generals, why should we be fighting for Syria....'|
1183821343420289030,|b"....Don't the Europeans have a lot of responsibility?\xe2\x80\x9d @KatiePavlich Thank you Katie, I offered ISIS prisoners to the European countries from where they came, and was rejected on numerous occasions. They probably figured that the U.S. would bear the tremendous cost as always!"|
1183821342455586818,|b"\xe2\x80\x9cTo his credit the Europeans didn't step up to deal with this ISIS problem \xe2\x80\x93 it\xe2\x80\x99s a lot of the reason why we are in this situation today. Now, Angela Merkel of Germany is finally stepping up and telling Turkey to back off...."|
1183819526753980416,|b'Great new book, "Resistance (At All Costs): How Trump Haters Are Breaking America" out by Kimberley Strassel of the Wall Street Journal. Kim has treated us fairly, and for that I am very appreciative. Check it out today, it is great!'|
1183818843464065024,b'....of the correction which they knew about full well! \xe2\x80\x9cFox News Pollster Braun Research Misrepresented Impeachment Poll: Analysis\xe2\x80\x9d @NYPost'
1183818841941565441,|b'The Fox Impeachment poll has turned out to be incorrect. This was announced on Friday. Despite this, the Corrupt New York Times used this poll in one of its stories, no mention....'|
1183796209942695938,b'America First!'
1183795966350123013,b'RT @MariaBartiromo: 5G networks could be active in 2 to 3 years: Cisco CEO https://t.co/9lQf2uwwwo @MorningsMaria @FoxBusiness'
1183779243588763649,b'Wow! Hunter Biden is being forced to leave a Chinese Company. Now watch the Fake News wrap their greasy and very protective arms around him. Only softball questions of him please!'
1183778969725865985,b'https://t.co/Q6NhPEz2Qv'
1183744344794320896,|b'Will be looking into the Scott Hapgood case, and the Island of Anguilla. Something looks and sounds very wrong. I know Anguilla will want to see this case be properly and justly resolved! @foxandfriends @SteveDucey  @ainsleyearhardt'|
1183722535961202689,b'Vote for good guy @seanspicer tonight on Dancing With The Stars. He has always been there for us!'
1183720665691709445,b'https://t.co/09bac03RX6'
1183717522874519552,b'https://t.co/kDd9fzjPAh'
1183717423029067777,b'https://t.co/cvCBBovvFP'
1183715679096201218,b'Happy Columbus Day!'
1183709210602823680,b'The same people who got us into the Middle East mess are the people who most want to stay there!'
1183702529403695104,|b'....Kurds may be releasing some to get us involved. Easily recaptured by Turkey or European Nations from where many came, but they should move quickly. Big sanctions on Turkey coming! Do people really think we should go to war with NATO Member Turkey? Never ending wars will end!'|
1183702528787189767,|b'Brian Kilmeade over at @foxandfriends got it all wrong. We are not going into another war between people who have been fighting with each other for 200 years. Europe had a chance to get their ISIS prisoners, but didn\xe2\x80\x99t want the cost. \xe2\x80\x9cLet the USA pay,\xe2\x80\x9d they said...'|
1183697555907104768,|b'Former Democrat Senator Harry Reid just stated that Donald Trump is very smart, much more popular than people think, is underestimated, and will be hard to beat in the 2020 Election. Thank you Harry, I agree!'|
1183693719914106880,|b'....Democrat\xe2\x80\x99s game was foiled when we caught Schiff fraudulently making up my Ukraine conversation, when I released the exact conversation Transcript, and when Ukrainian President and the Foreign Minister said there was NO PRESSURE, very normal talk! A total Impeachment Scam!'|
1183693718500659200,|b'Adam Schiff now doesn\xe2\x80\x99t seem to want the Whistleblower to testify. NO! Must testify to explain why he got my Ukraine conversation sooo wrong, not even close. Did Schiff tell him to do that? We must determine the Whistleblower\xe2\x80\x99s identity to determine WHY this was done to the USA..'|
1183688781037297664,|b'\xe2\x80\x9cThe Democrats are trashing this President, &amp; in the process, trashing the U.S. Constitution. Frankly, the American People need to wake up to the reality that the Democrats are so drunk on power that they\xe2\x80\x99re willing to destroy this Constitutional Republic.\xe2\x80\x9d @GrahamLedger @OANN'|
1183549468114915328,|b'RT @realDonaldTrump: \xe2\x80\x9cCongressman Adam Schiff, who when seeing the REAL Ukraine phone call Transcript decided he\xe2\x80\x99d better make up one of hi\xe2\x80\xa6'|
1183549454680559616,|b'RT @realDonaldTrump: .....BY THE WAY, DON\xe2\x80\x99T CALL ME AGAIN, I\xe2\x80\x99LL CALL YOU WHEN YOU\xe2\x80\x99VE DONE WHAT I\xe2\x80\x99VE ASKED.\xe2\x80\x99\xe2\x80\x9d A reminder, that wasn\xe2\x80\x99t just s\xe2\x80\xa6'|
1183541434802196481,b'\xe2\x80\x9cSerial killers get more Due Process than the Democrats give to the President of the United States.\xe2\x80\x9d @marklevinshow'
1183535447919812608,|b'Somebody please explain to Chris Wallace of Fox, who will never be his father (and my friend), Mike Wallace, that the Phone Conversation I had with the President of Ukraine was a congenial &amp; good one. It was only Schiff\xe2\x80\x99s made up version of that conversation that was bad!'|
1183524771734183936,|b'The U.S. has the worst of the ISIS prisoners. Turkey and the Kurds must not let them escape. Europe should have taken them back after numerous requests. They should do it now. They will never come to, or be allowed in, the United States!'|
1183520040647380993,|b'.@marklevinshow on @FoxNews is doing a big show tonight on the Democrat\xe2\x80\x99s Impeachment Scam. 10:00 P.M. No guests, just Mark. He is angry (like so many others!). At 9:00 P.M. on @FoxNews, Steve Hilton is looking into the Crooked Bidens. Where\xe2\x80\x99s Hunter?'|
1183506864170029056,|b'.....BY THE WAY, DON\xe2\x80\x99T CALL ME AGAIN, I\xe2\x80\x99LL CALL YOU WHEN YOU\xe2\x80\x99VE DONE WHAT I\xe2\x80\x99VE ASKED.\xe2\x80\x99\xe2\x80\x9d A reminder, that wasn\xe2\x80\x99t just stupid, it was FALSE.\xe2\x80\x9d @greggutfeld @GregGutfeldShow @FoxNews  I never said this. Schiff made it up and read it to Congress &amp; the American People. End Witch Hunt!'|
1183506863431786497,|b'\xe2\x80\x9cCongressman Adam Schiff, who when seeing the REAL Ukraine phone call Transcript decided he\xe2\x80\x99d better make up one of his own. \xe2\x80\x98I\xe2\x80\x99m going to say this only SEVEN times, so you better listen good. I want you to MAKE UP DIRT ON MY POLITICAL OPPONENT, UNDERSTAND, LOTS OF IT, AND.....'|
1183500215241859073,b'CHINA HAS ALREADY BEGUN AGRICULTURAL PURCHASES FROM OUR GREAT PATRIOT FARMERS &amp; RANCHERS!'
1183499482790612993,|b'....I agreed not to increase Tariffs from 25% to 30% on October 15th. They will remain at 25%. The relationship with China is very good. We will finish out the large Phase One part of the deal, then head directly into Phase Two. The Phase One Deal can be finalized &amp; signed soon!'|
1183499482069159941,|b'My deal with China is that they will IMMEDIATELY start buying very large quantities of our Agricultural Product, not wait until the deal is signed over the next 3 or 4 weeks. THEY HAVE ALREADY STARTED! Likewise financial services and other deal aspects, start preparing....'|
1183493286708875264,|b'The Democrats are going to lose a lot of House Seats because of their Fraudulent use of Impeachment. Schiff fabricated phone call, a crime. Democrat Senate Seats will also be put at risk, even some that were supposedly safe. Look at Louisiana last night, North Carolina last week!'|
1183441191003721731,b'Happy Birthday @USNavy! https://t.co/H0lNgAdogV'
1183390085993119749,|b'We have become a far greater Economic Power than ever before, and we are using that power for WORLD PEACE!'|
1183385881320853509,b'Where\xe2\x80\x99s Hunter? He has totally disappeared! Now looks like he has raided and scammed even more countries! Media is AWOL.'
1183376270731763714,|b'Dealing with @LindseyGrahamSC and many members of Congress, including Democrats, about imposing powerful Sanctions on Turkey. Treasury is ready to go, additional legislation may be sought. There is great consensus on this. Turkey has asked that it not be done. Stay tuned!'|
1183369133301391365,b'.....The Kurds and Turkey have been fighting for many years. Turkey considers the PKK the worst terrorists of all. Others may want to come in and fight for one side or the other. Let them! We are monitoring the situation closely. Endless Wars!'
1183369132634456066,|b'Do you remember two years ago when Iraq was going to fight the Kurds in a different part of Syria. Many people wanted us to fight with the Kurds against Iraq, who we just fought for. I said no, and the Kurds left the fight, twice. Now the same thing is happening with Turkey......'|
1183366057169444864,|b'Very smart not to be involved in the intense fighting along the Turkish Border, for a change. Those that mistakenly got us into the Middle East Wars are still pushing to fight. They have no idea what a bad decision they have made. Why are they not asking for a Declaration of War?'|
1183359602089484288,|b'The Media is not talking about the big Republican victory last night in Louisiana where a sitting Democrat Governor was forced into a runoff by not getting 50%. Big upset! Now @EddieRispone, who will be a great Governor, will win!'|
1183357914922258433,b'A despicable human being! https://t.co/3KpgUuRaXU'
1183248760303960064,|b'Congratulations to the Great State of Louisiana. A big night. You will soon have a new and wonderful Governor, @EddieRispone. Your Taxes and Car Insurance Payments will go DOWN!'|
1183239217700364288,b'RT @DevinNunes: CA Republicans tried to repeal new gas tax. Unfortunately Dem/Socialists/Media rejected it. Now we pay the price here in CA\xe2\x80\xa6'
1183238893627465733,|b'RT @DevinNunes: Did Mueller lie to Congress about meeting with Trump before he took the special counsel job? || Fox News \xe2\x81\xa6@GreggJarrett\xe2\x81\xa9  ht\xe2\x80\xa6'|
1183238768272261121,b'RT @EricTrump: Thanks Brian! https://t.co/GnOy2Wn8kH'
1183235322773233664,b'RT @DanScavino: https://t.co/KeCSTIVms0'
1183232552464719873,|b'The same people that got us into the Middle East Quicksand, 8 Trillion Dollars and many thousands of lives (and millions of lives when you count the other side), are now fighting to keep us there. Don\xe2\x80\x99t listen to people that haven\xe2\x80\x99t got a clue. They have proven to be inept!'|
1183219098911682561,|b'The Governor of Louisiana, John Bel Edwards, has done a poor job. NOW HE IS IN A RUNOFF WITH A GREAT REPUBLICAN, @EddieRispone. Thank you Louisiana! 66% down to 47% after I explained what a bad job the Governor was doing.'|
1183130243885875200,b'The Endless Wars Must End!'
1183124665688055809,b'RT @realDonaldTrump: https://t.co/YBmYOsGdK3 https://t.co/LWCWvpeIqn'
1183124563258941442,b'Start thinking about getting bigger tractors! https://t.co/MhmvNhAA4r'
1183124325999796225,b'That is the real story! https://t.co/fG3zvMIaxp'
1183124173767483393,b'RT @Jim_Jordan: There has been a lot of noise since @SpeakerPelosi decided to call for impeachment before having the facts. Here are a few\xe2\x80\xa6'
1183122218433335301,b'RT @Jim_Jordan: Why won\xe2\x80\x99t the media ask these questions to @RepAdamSchiff or @SpeakerPelosi?'
1183122218433294336,|b'RT @Jim_Jordan: Why won\xe2\x80\x99t Democrats focus on helping the country, instead of attacking the President with this unfair and partisan process?'|
1183113326374600705,b'Happy National Farmers Day! https://t.co/zqhaDCikQg'
1183107124248940546,b'RT @ericbolling: \xe2\x80\x9cLockdown\xe2\x80\x9d?? \n#FakeNews\n\n@SecPompeo gave me unprecedented access at State this week. Answered all my questions about Ukrai\xe2\x80\xa6'
1183098478232256512,b'https://t.co/YBmYOsGdK3 https://t.co/LWCWvpeIqn'
1183097223674056705,b'https://t.co/0DTxsaGKZ1'
1183037520503885824,|b'So now they are after the legendary \xe2\x80\x9ccrime buster\xe2\x80\x9d and greatest Mayor in the history of NYC, Rudy Giuliani. He may seem a little rough around the edges sometimes, but he is also a great guy and wonderful lawyer. Such a one sided Witch Hunt going on in USA. Deep State. Shameful!'|
1183023558655709184,|b'Louisiana, get out and vote REPUBLICAN before going to the big game today. A runoff will be a tremendous win for your Great State - lower taxes and car insurance, and better protection of your 2nd Amendment! Fantastic being with you last night!'|
1183021806493556736,|b'....Other aspects of the deal are also great - technology, financial services, 16-20 Billion in Boeing Planes etc., but WOW, the Farmers really hit pay dirt! @ChuckGrassley @joniernst @debfisher @BenSasse  Thank you to all Republicans in Congress for your invaluable help!'|
1183021805570801665,|b'The deal I just made with China is, by far, the greatest and biggest deal ever made for our Great Patriot Farmers in the history of our Country. In fact, there is a question as to whether or not this much product can be produced? Our farmers will figure it out. Thank you China!'|
1183016899589955584,|b'The case of Major Mathew Golsteyn is now under review at the White House. Mathew is a highly decorated Green Beret who is being tried for killing a Taliban bombmaker. We train our boys to be killing machines, then prosecute them when they kill! @PeteHegseth'|
1183007878921314304,b'\xe2\x80\x9cSchiff aides worked with Whistleblower.\xe2\x80\x9d @foxandfriends  @RepLeeZeldin  Schiff is a lying mess!'
1182865849851338753,|b'LOUISIANA \xe2\x80\x94 Tomorrow, you will head to the polls and VOTE to REPLACE Liberal Democrat John Bel Edwards with a great new REPUBLICAN Governor! Get out and vote for either @DocAbraham or @EddieRispone (BOTH GREAT)! https://t.co/Qyu6z9nZXr'|
1182865510825779200,|b'Louisiana REPUBLICANS, thank you for a great evening. Get out TOMORROW and VOTE REPUBLICAN! Send the Radical Democrat establishment a loud and clear message that you are going to FIRE your Democrat Governor, John Bel Edwards and send a Great Republican to the Governor\xe2\x80\x99s Mansion! https://t.co/4GHVNz8lda'|
1182859837316583424,|b'\xe2\x80\x9cI never saw so many subpoenas!\xe2\x80\x9d @ShannonBream  @FoxNews  The Democrats have gone Crazy. Just read the Transcript, or listen to the New Ukraine President\xe2\x80\x99s statement, NO PRESSURE! This is a Democrat Con Job. Impeach Schiff for FRAUD!'|
1182859828386885633,|b'So funny to watch Steve Kerr grovel and pander when asked a simple question about China. He chocked, and looks weak and pathetic. Don\xe2\x80\x99t want him at the White House!'|
1182852925237805060,b'WHERE\xe2\x80\x99S HUNTER?'
1182843598779252737,|b'RT @DanScavino: President @realDonaldTrump has arrived at the James E. Sudduth Coliseum in Lake Charles, Louisiana. Get out TOMORROW and VO\xe2\x80\xa6'|
1182843529103429632,b'RT @VP: Thank you Kevin McAleenan for your dedication and service to our country! You have done great work securing our border and we are t\xe2\x80\xa6'
1182843323091804160,b"RT @seanhannity: Biden's Ukraine warning \xf0\x9f\x91\x87 https://t.co/KYzpnLIrMX https://t.co/JN0ph3cuCb"
1182842938247639040,b'RT @Scavino45: President Trump departing the @WhiteHouse shortly for Louisiana! https://t.co/la6tL5LbUX'
1182842647041298432,|b'Is he leaving due to bad ratings, or some other less important reason? https://t.co/XBr7xVgarc'|
1182807013719531522,|b'Just landed in Louisiana! Vote against John Bel Edwards, he has the worst jobs record in the United States. Louisiana will do much better by electing a REPUBLICAN. See everyone soon! @LAGOP https://t.co/V1rVXEEuso'|
1182804704721375233,|b'....Congratulations Kevin, on a job well done! I will be announcing the new Acting Secretary next week. Many wonderful candidates!'|
1182804700699086848,|b'Kevin McAleenan has done an outstanding job as Acting Secretary of Homeland Security. We have worked well together with Border Crossings being way down. Kevin now, after many years in Government, wants to spend more time with his family and go to the private sector....'|
1182799017056456704,b'RT @IvankaTrump: Women are absolutely critical to the National Security of a Nation &amp; need to be brought to the negotiating table during pe\xe2\x80\xa6'
1182798830577709056,b'A terrible and very dishonest person! https://t.co/bomdDcHTT4'
1182798468043005954,|b'RT @WhiteHouse: President @realDonaldTrump has authorized a new executive order giving @USTreasury, in consultation with himself and @SecPo\xe2\x80\xa6'|
1182798416348250113,b"RT @seanhannity: McCabe's admission... https://t.co/HrXgIIHolO"
1182798324681674752,|b'RT @realDonaldTrump: We love you @MinneapolisPD, THANK YOU! #LESM https://t.co/fkOL8dCNP2'|
1182709748619198464,|b'We love you @MinneapolisPD, THANK YOU! #LESM https://t.co/fkOL8dCNP2'|
1182684388401782784,b'RT @seanhannity: NFL FLASHBACK https://t.co/wDAMnrpYPY'
1182684215189614592,b'Really good news! https://t.co/dbc6AgzNPx'
1182684073623470082,b'RT @WhiteHouse: The old barriers along our southern border were built to defend against vehicle crossings\xe2\x80\x94and not much else.\n\nHow comprehen\xe2\x80\xa6'
1182683872238194688,b'RT @freedomcaucus: Being in contact with a key witness and then lying about it renders Adam Schiff unqualified to lead a fair and just inqu\xe2\x80\xa6'
1182683817322209280,b'RT @WhiteHouse: "It breaks my heart every time I speak to one of these victims." @ICEgov can intervene before preventable crimes happen by\xe2\x80\xa6'
1182683716973400064,b'RT @seanhannity: #HANNITY: Sean lays out what\xe2\x80\x99s REALLY behind the Dems\xe2\x80\x99 impeachment hysteria and all of their phony witch hunts. Watch! htt\xe2\x80\xa6'
1182683651215187971,b'RT @seanhannity: Collins RIPS Dems: \xe2\x80\x9cConducting an impeachment investigation behind closed doors isn\xe2\x80\x99t just unprecedented\xe2\x80\x94it\xe2\x80\x99s un-American.\xe2\x80\xa6'
1182683354463907840,b'So Great! https://t.co/WZSY7E0A2M'
1182683255511945216,|b'RT @KRCG13: In Kansas City today, Gov. Mike Parson, U.S. Sen @RoyBlunt, presidential advisor @IvankaTrump,  @HHSGov Secretary Alex Azar and\xe2\x80\xa6'|
1182683180849074176,b'RT @seanhannity: Really? https://t.co/7Wap0kKXyi'
1182683134799822851,b'RT @BillOReilly: New survey reveals that 45% of adults find it hard to make new friends \xe2\x80\x94 the average adult has not made a new friend in 5\xe2\x80\xa6'
1182682994022199296,b'RT @seanhannity: The White House Refuses to \xe2\x80\x98Legitimize\xe2\x80\x99 the \xe2\x80\x98Illegitimate\xe2\x80\x99 Impeachment Inquiry https://t.co/A6os0wVCW5 https://t.co/ej4Rez\xe2\x80\xa6'
1182682861859692544,|b'RT @WhiteHouse: \xe2\x9c\x94 13,000 new construction jobs\n\xe2\x9c\x94 3,000 new manufacturing jobs\n\xe2\x9c\x94 Jobless rate down from 4% to 3.3%\n\nMinnesotans are winning\xe2\x80\xa6'|
1182682786882293760,|b'RT @IvankaTrump: We are striving to ensure all hard-working Americans have access to high-quality, affordable childcare. \nThank you \xe2\x81\xa6@GovPa\xe2\x80\xa6'|
1182682726341722112,|b'RT @CLewandowski_: Trump Doral to host political fest with Trump, Jr., Sarah Sanders and Corey Lewandowski - News - The Palm Beach Post - W\xe2\x80\xa6'|
1182682505041854468,|b'RT @WhiteHouse: USMCA updates NAFTA to achieve goals that Democrats have long claimed to support. So what\xe2\x80\x99s the holdup?\n\nYesterday, @VP had\xe2\x80\xa6'|
1182682338947485698,|b'RT @DanScavino: President @realDonaldTrump arrives at the Target Center in Minneapolis, Minnesota for a MASSIVE TRUMP RALLY. Speechless \xe2\x80\x94 t\xe2\x80\xa6'|
1182682269804310529,b'A Giant Scam! https://t.co/Go4TffoEaq'
1182682132868751361,b'Amazing Evening! https://t.co/jVTW8sRJpf'
1182681884628791297,|b'RT @WaysandMeansGOP: #USMCA will build on the strong economy, benefitting farmers, small businesses, and manufacturers across the country.\xe2\x80\xa6'|
1182681846783664129,|b'RT @HouseGOP: \xe2\x80\x9cWe\xe2\x80\x99re just waiting on Congress...\xe2\x80\x9d \xe2\x80\x93 Jed Clark, Kentucky Farmer\n \nFarmers in Kentucky and all across America are waiting for\xe2\x80\xa6'|
1182681755679121408,b'The Do Nothing Democrats. Thanks Vicky! https://t.co/WEZgrvobs3'
1182681234880847872,b'Do you believe this?  A total Scam! https://t.co/ihJmne0AbW'
1182680923520798720,b'RT @DanScavino: More overflow tonight. WOW! \n#TrumpMinneapolis #KAG2020 https://t.co/WGeLF3Zje0'
1182680891233054720,b'RT @DanScavino: https://t.co/fk9LxttNsm'
1182680853698285568,b'RT @DanScavino: \xf0\x9f\x9a\xa8Happening Now\xe2\x80\xbc\xef\xb8\x8f\n#TrumpMinneapolis #KAG2020 https://t.co/Wisfnyv3R1'
1182680751856406529,b'RT @IvankaTrump: Tune in this morning at 9AM \xe2\xac\x87\xef\xb8\x8f https://t.co/Ut3KvBfIMb'
1182680625066721280,b'RT @ericbolling: I have accepted an offer to join the @TPUSA Advisory Board.  \nI think this an important added role for me to take on. \n\n@c\xe2\x80\xa6'
1182680500760170497,b'RT @WhiteHouse: \xe2\x9c\x85 Median household income is at a record high\n\xe2\x9c\x85 The average household saw a $1400 tax cut\n\xe2\x9c\x85 Unemployment has fallen to 3.5%\xe2\x80\xa6'
1182680294421356552,|b'RT @MariaBartiromo: USMCA passage, China deal should be \xe2\x80\x98a one-two punch\xe2\x80\x99: Rep. Tom Reed https://t.co/WcBsEjjir3 @MorningsMaria @FoxBusiness'|
1182680188452265984,b'RT @seanhannity: MAGA in Minnesota! https://t.co/7KTlWI9pnP'
1182679765632868353,b'A great evening in beautiful Minnesota! https://t.co/xgfAKaRSlM'
1182679369174716423,b'What a disgraceful legal system for this guy to still be around after all of these years. A vicious killer who destroyed so many great people &amp; families! https://t.co/GTHdZ7BN6B'
1182678724598206465,|b'RT @IvankaTrump: Thank you @Udacity for Pledging to providing 100,000 retraining scholarships over the next 5 yrs in\xe2\xac\x87\n\xe2\x96\xaa\xef\xb8\x8fArtificial intellig\xe2\x80\xa6'|
1182678620168429569,b"RT @WhiteHouse: National Security Adviser Robert O'Brien: \xe2\x80\x9cWe made this very clear to President Erdogan early on that the invasion of Syria\xe2\x80\xa6"
1182664051089911812,|b'Will be with our two GREAT Senators, @SenJohnKennedy &amp; @SenBillCassidy, tonight in Louisiana. These two hard working, really smart men, love their Country and love their State. We will hopefully add a Great New Republican Governor to the beautiful Louisiana mix! See you tonight!'|
1182661081849835520,|b'One of the great things about the China Deal is the fact that, for various reasons, we do not have to go through the very long and politically complex Congressional Approval Process. When the deal is fully negotiated, I sign it myself on behalf of our Country. Fast and Clean!'|
1182657102357110791,|b'I will be in Louisiana tonight (Love it!) to get Republicans to vote for either of our two great Republican Candidates and force a run off with John Bel Edwards, who has done a really poor job of tax cutting, car insurance cost (worst in USA), &amp; is suspect on your 2nd Amendment!'|
1182654371714211840,|b'Good things are happening at China Trade Talk Meeting. Warmer feelings than in recent past, more like the Old Days. I will be meeting with the Vice Premier today. All would like to see something significant happen!'|
1182488455277924353,|b'Over the next 13 months, we are going to fight with all of our heart and soul \xe2\x80\x93 and we are going to win the Great State of Minnesota in 2020! #TrumpMinneapolis #KAG2020 https://t.co/c3FQnrPJWr'|
1182485222190915584,|b'A GREAT evening in Minneapolis, Minnesota with incredible American Patriots. THANK YOU! https://t.co/b3UQEo0wPq'|
1182446696598511617,b'The joint statement released with President Bolsonaro in March makes absolutely clear that I support Brazil beginning the process for full OECD membership. The United States stands by that statement and stands by @jairbolsonaro. This article is FAKE NEWS! https://t.co/Hym9ZATHjt'
1182399270009425920,|b'WOW, THANK YOU Minneapolis, Minnesota \xe2\x80\x94 on my way! #KAG2020 https://t.co/Czl6GbCCxN'|
1182387198164946944,|b'....We have one of three choices: Send in thousands of troops and win Militarily, hit Turkey very hard Financially and with Sanctions, or mediate a deal between Turkey and the Kurds!'|
1182387197066039298,|b'We defeated 100% of the ISIS Caliphate and no longer have any troops in the area under attack by Turkey, in Syria. We did our job perfectly! Now Turkey is attacking the Kurds, who have been fighting each other for 200 years....'|
1182304844683632642,b'https://t.co/sI5hZ81ASL'
1182304840212455424,b'https://t.co/HZzDQY5QqV'
1182292163721404416,|b'Big day of negotiations with China. They want to make a deal, but do I? I meet with the Vice Premier tomorrow at The White House.'|
1182290380542185472,b'Why isn\xe2\x80\x99t the IG investigating his so-called Whistleblower? All bad info!'
1182289435955777537,|b'The President of the Ukraine just stated again, in the strongest of language, that President Trump applied no pressure and did absolutely nothing wrong. He used the strongest language possible. That should end this Democrat Scam, but it won\xe2\x80\x99t, because the Dems &amp; Media are FIXED!'|
1182288206806560769,|b'Thank you to @OANN One America News for your fair coverage and brilliant reporting. It is appreciated by many people trying so hard to find a new, consistent and powerful VOICE! See you tonight at the Big Rally in Minneapolis.'|
1182286414353981440,|b'....the area and start a new war all over again. Turkey is a member of NATO. Others say STAY OUT, let the Kurds fight their own battles (even with our financial help). I say hit Turkey very hard financially &amp; with sanctions if they don\xe2\x80\x99t play by the rules! I am watching closely.'|
1182286411501838337,b'Turkey has been planning to attack the Kurds for a long time. They have been fighting forever. We have no soldiers or Military anywhere near the attack area. I am trying to end the ENDLESS WARS. Talking to both sides. Some want us to send tens of thousands of soldiers to....'
1182283090271592448,|b'RT @IvankaTrump: See you soon in Kansas City, Missouri @RoyBlunt! https://t.co/6FW7zumXdZ'|
1182282989096652802,b'RT @MariaBartiromo: Today @newtgingrich "You can always impeach if you are in the majority and if you want to commit suicide &amp; that\'s what\xe2\x80\xa6'
1182282909618704385,b'RT @MariaBartiromo: "This is not an impeachment. This is a coup" - @newtgingrich @MorningsMaria @FoxBusiness "the left hates trump that inc\xe2\x80\xa6'
1182282790861201408,b'Where is Hunter Biden? He has disappeared while the Fake News protects his Crooked daddy! https://t.co/Gtwn0nxOTt'
1182281836363485185,|b'...Court Justice &amp; I turned him down (he\xe2\x80\x99s been terrible ever since), Shep Smith, @donnabrazile (who gave Crooked Hillary the debate questions &amp; got fired from @CNN), &amp; others, @FoxNews doesn\xe2\x80\x99t deliver for US anymore. It is so different than it used to be. Oh well, I\xe2\x80\x99m President!'|
1182281834970980352,|b'From the day I announced I was running for President, I have NEVER had a good @FoxNews Poll. Whoever their Pollster is, they suck. But @FoxNews is also much different than it used to be in the good old days. With people like Andrew Napolitano, who wanted to be a Supreme....'|
1182280635513294849,|b'\xe2\x80\x9cUkrainian President Volodymyr Zelensky told reporters Thursday his controversial July call with President Trump involved no bribe, blackmail or quid pro quo, as impeachment-minded Democrats claim.\xe2\x80\x9d This should immediately end the talk of impeachment! \nhttps://t.co/0mOTK4dNC3'|
1182147895371472896,|b'In case the Kurds or Turkey lose control, the United States has already taken the 2 ISIS militants tied to beheadings in Syria, known as the Beetles, out of that country and into a secure location controlled by the U.S. They are the worst of the worst!'|
1182142030325129217,|b'Impeached for what, having created the greatest Economy in the history of our Country, building our strongest ever Military, Cutting Taxes too much? https://t.co/LWxfEcRmj4'|
1182112396837625857,b'A different take! https://t.co/XKnQ6XTF0k'
1182107370790559744,b'RT @ABCPolitics: President Trump criticizes Steve Kerr and Gregg Popovich \xe2\x80\x94 both vocal critics of Trump \xe2\x80\x94 when asked about China putting pr\xe2\x80\xa6'
1182107033874714624,b'\xe2\x80\x9cI don\xe2\x80\x99t think it\xe2\x80\x99s a Whistleblower at all. I think this is an anonymous source for the Democratic Staff in the House of Representatives. This is an insult to real Whistleblowers. Actual Whistleblowers go on to have their whole lives upended.\xe2\x80\x9d John Kiriakou  @TuckerCarlson'
1182085917198241793,b'https://t.co/I6VsoDIQQp'
1182075837962690560,b'The hardest thing I have to do as President... https://t.co/6bzwh78I00'
1181995834369544198,b'Sleepy Joe Biden! https://t.co/oZtytImXqq'
1181991604493656064,|b'So pathetic to see Sleepy Joe Biden, who with his son, Hunter, and to the detriment of the American Taxpayer, has ripped off at least two countries for millions of dollars, calling for my impeachment - and I did nothing wrong. Joe\xe2\x80\x99s Failing Campaign gave him no other choice!'|
1181969511697788928,|b'Only 25 percent want the President Impeached, which is pretty low considering the volume of Fake News coverage, but pretty high considering the fact that I did NOTHING wrong. It is all just a continuation of the greatest Scam and Witch Hunt in the history of our Country!'|
1181968273333719041,|b'So why is someone a good or great President if they needed to Spy on someone else\xe2\x80\x99s Campaign in order to win (that didn\xe2\x80\x99t work out so well), and if they were unable to fill 142 important Federal Judgeships (a record by far), handing them all to me to choose. Will have 182 soon!'|
1181940394604535809,|b'....DACA stand, with all of its negative legal implications, the Republicans and Democrats will have a DEAL to let them stay in our Country, in very short order. It would actually benefit DACA, and be done the right way!'|
1181940389990805504,|b'President Obama said that he did not have the right to sign DACA, that it will never hold up in court. He signed it anyway! If the Supreme Court upholds DACA, it gives the President extraordinary powers, far greater than ever thought. If they do what is right and do not let......'|
1181935082594062337,b'RT @IngrahamAngle: Dems are now willing to hurt our economy AND the economy of Mexico\xe2\x80\x94all to deny Trump a win on USMCA.  Mexico is urging P\xe2\x80\xa6'
1181935014709202947,b'Crooked Hillary should try it again! https://t.co/UjfIpZp1FA'
1181934349433872384,b'RT @Jim_Jordan: Democrats are so busy \xe2\x80\x9cstriking while the iron is hot\xe2\x80\x9d that they didn\xe2\x80\x99t even have a vote to start their crazy impeachment p\xe2\x80\xa6'
1181934246111404032,b'True. Should have never been there in the first place! https://t.co/kVXtpB23Wy'
1181933850991235073,|b'Why doesn\xe2\x80\x99t the ICIG do something about this Scam? He should have never let it start, a Dem Hoax! https://t.co/UCbObppWbA'|
1181932884694839296,b'Adam Schiff is a disgrace to our Country! https://t.co/4pM3j1GLev'
1181932389435678720,b'RT @michaelbeatty3: BOOM\n@MariaBartiromo is hearing..\n\xe2\x97\x8fIG REPORT OCT 18TH\n\xe2\x97\x8fTHICK AS A TELEPHONE BOOK @realDonaldTrump #PANIC #WednesdayWisd\xe2\x80\xa6'
1181932207767789571,|b'So true Don, and this was a big lie. Look what happened to Friends of Trump, for less. Can\xe2\x80\x99t let this pass! https://t.co/u2To514DNq'|
1181931358857388035,b'RT @GOP: Every 2020 campaign needs to be asked: Did the whistleblower communicate with you or any of your associates prior to or after the\xe2\x80\xa6'
1181931277102063622,b'RT @AmericaNewsroom: COMING UP: @Jim_Jordan joins us at 10:00 ET! #nine2noon https://t.co/0bf8bbTzI8'
1181931140740997120,b'RT @MattWolking: Democrats are \xe2\x80\x9cdeposing witnesses behind closed doors &amp; denying Republicans fair time to ask questions &amp; the right to call\xe2\x80\xa6'
1181930944917377024,b'RT @DonaldJTrumpJr: It\xe2\x80\x99s good that this partisan hit job is coming to light but based on the bullshit of the last 3 years did anyone really\xe2\x80\xa6'
1181930118828175363,|b'But we are now, for the first time, giving companies a better alternative! https://t.co/jJFKywyIGw'|
1181929745518403585,|b'Great support from GOP in fighting the Radical Left, Do Nothing Democrats! https://t.co/qjskHYkQpD'|
1181929128976670724,|b'They don\xe2\x80\x99t have a clue, but I do. The USA is doing great despite the Fed! https://t.co/85aW2YGehY'|
1181928424958578688,b'RT @MariaBartiromo: https://t.co/s6LoemTLmR @MorningsMaria @FoxBusiness'
1181913137483829250,|b'....No Pressure at all said Ukraine! Very congenial, a perfect call. The Whistleblower and others spoke BEFORE seeing the Transcript. Now they must apologize to me and stop this ridiculous impeachment!'|
1181913136074502144,|b'The so-called Whistleblower, before knowing I was going to release the exact Transcript, stated that my call with the Ukrainian President was \xe2\x80\x9ccrazy, frightening, and completely lacking in substance related to national security.\xe2\x80\x9d This is a very big Lie. Read the Transcript!'|
1181907681512169472,|b'The Do Nothing Democrats are Con Artists, only looking to hurt the Republican Party and President. Their total focus is 2020, nothing more, and nothing less. The good news is that WE WILL WIN!!!!'|
1181905661300559872,|b'....IN THE HISTORY OF OUR COUNTRY! We went to war under a false &amp; now disproven premise, WEAPONS OF MASS DESTRUCTION. There were NONE! Now we are slowly &amp; carefully bringing our great soldiers &amp; military home. Our focus is on the BIG PICTURE! THE USA IS GREATER THAN EVER BEFORE!'|
1181905659568283648,b'The United States has spent EIGHT TRILLION DOLLARS fighting and policing in the Middle East. Thousands of our Great Soldiers have died or been badly wounded. Millions of people have died on the other side. GOING INTO THE MIDDLE EAST IS THE WORST DECISION EVER MADE.....'
1181896777076740098,b'RT @SenatorBurr: Wishing an easy and meaningful fast to all those observing Yom Kippur today. https://t.co/inRHZzxzRK'
1181896127471333381,|b'Fighting between various groups that has been going on for hundreds of years. USA should never have been in Middle East. Moved our 50 soldiers out. Turkey MUST take over captured ISIS fighters that Europe refused to have returned. The stupid endless wars, for us, are ending! https://t.co/Fbcem9i55Z'|
1181891356274413570,|b'So make all Member Countries pay, not just the United States! https://t.co/IVbE4MqBVl'|
1181890675375259653,b'He should be Impeached for Fraud! https://t.co/lu3xKFQaON'
1181890153310232577,b'RT @jasonrantz: Must watch Tucker Carlson segment! https://t.co/HdvFkjIj3n'
1181889603516665857,b'.....The Whistleblower\xe2\x80\x99s lawyer is a big Democrat. The Whistleblower has ties to one of my DEMOCRAT OPPONENTS. Why does the ICIG allow this scam to continue?'
1181889601914454016,|b'The Whistleblower\xe2\x80\x99s facts have been so incorrect about my \xe2\x80\x9cno pressure\xe2\x80\x9d conversation with the Ukrainian President, and now the conflict of interest and involvement with a Democrat Candidate, that he or she should be exposed and questioned properly. This is no Whistleblower.....'|
1181883934776401920,|b'A Total Scam by the Do Nothing Democrats. For the good of the Country, this Wirch Hunt should end now! https://t.co/G2nPapozye'|
1181788575861547008,b'So amazing! https://t.co/UG3DaSkmUc'
1181771156203986946,b'https://t.co/ap9wN7wkj6'
1181770276188631041,b'https://t.co/jZLa4vWXAZ'
1181761045486080002,|b'Wow, Just Breaking: \xe2\x80\x9cThe (big deal) Whistleblower had a \xe2\x80\x98PROFESSIONAL TIE\xe2\x80\x99 to 2020 Democratic Candidate.\xe2\x80\x9d Washington Examiner, @ByronYork  In other words, was working with someone who was potentially running against me. Why wasn\xe2\x80\x99t this reported by the ICIG? A Witch Hunt Scam!'|
1181754987141124098,|b'\xe2\x80\x9cBob Mueller was pursuing the FBI Director job when he met with President Trump in 2017, Administration officials say.\xe2\x80\x9d @FoxNews  Bret Baier and Jake Gibson @seanhannity This is true even though Mueller denied it!'|
1181751715437170689,b'RT @senatemajldr: The time for excuses is over. The USMCA needs to move this fall. Workers and small businesses in Kentucky and across the\xe2\x80\xa6'
1181751294693969920,b'The Greatest Witch Hunt in the history of the USA! https://t.co/6FW11oLBv3'
1181750932444520448,|b'RT @senatemajldr: The USMCA would create 176,000 jobs for American workers and generate $68 billion in wealth for America. House Democrats\xe2\x80\xa6'|
1181750525596983296,|b'Gasoline Prices in the State of California are MUCH HIGHER than anywhere else in the Nation ($2.50 vs. $4.50). I guess those very expensive and unsafe cars that they are mandating just aren\xe2\x80\x99t doing the trick! Don\xe2\x80\x99t worry California, relief is on the way. The State doesn\xe2\x80\x99t get it!'|
1181748180066738176,b'RT @RepMarkMeadows: Reminder that while House Democrats have spent basically their entire first year as a majority this Congress throwing a\xe2\x80\xa6'
1181746918474440705,|b'....If there is a Runoff in Louisiana, you will have a great new Republican Governor who will Cut your Taxes and Car Insurance, and do a fabulous job for you and your family. Vote Republican, the Party of Honest Abe Lincoln!'|
1181746916981379072,|b'Big Rally in Louisiana on Friday night. Must force a runoff with a Liberal Democrat Governor, John Bel Edwards, who has let your Taxes and Car Insurance get too high, and will never protect your 2nd Amendment. Vote for one of our two great Republicans on Saturday, force a runoff!'|
1181698015423275010,|b'This is just the beginning, thank you to @ByronYork! https://t.co/1ceplqe5MZ'|
1181644113092980737,b'The U.S. Border is SECURE! https://t.co/h9EPUPL1uS'
1181640571334647814,|b'....In fact, the \xe2\x80\x9cCops For Trump\xe2\x80\x9d T-shirt Web Site CRASHED because of incredible volume, but is now back up and running. Proceeds go to the Police Union Charities. See you on Thursday night in Minneapolis!'|
1181640563696820224,|b'Radical Left Dem Mayor of Minneapolis, Jacob Frey, is doing everything possible to stifle Free Speech despite a record sell-out crowd at the Target Center. Presidents Clinton and Obama paid almost nothing! The Minneapolis Police have been incredible....'|
1181622998228508672,b'Friday night in Louisiana will be Great. Big crowd expected. Republicans must get out and vote for either of our two incredible candidates (@DocAbraham &amp; @EddieRispone) so we can stop Left Leaning Governor John Bel Edwards from getting over 50%. We will easily win the runoff! https://t.co/TRiTu71ny2'
1181619203687751680,|b'RT @bennyjohnson: Mahalet was born in Ethiopia.\nAbandoned by her parents, she lived as an impoverished orphan.\n\nMahalet was adopted by a lo\xe2\x80\xa6'|
1181601756347797505,b'Hasn\xe2\x80\x99t Adam Schiff been fully discredited by now? Do we have to continue listening to his lies?'
1181586618983034880,b'https://t.co/bh1FyxfUiA'
1181578987191095298,|b'Get your great T-Shirts, \xe2\x80\x9cCops for Trump,\xe2\x80\x9d at https://t.co/pmhDDXsIlx  REALLY NICE! Thank you to Minneapolis Police Officers &amp; Union! @foxandfriends'|
1181577775246905344,b'Someone please tell the Radical Left Mayor of Minneapolis that he can\xe2\x80\x99t price out Free Speech. Probably illegal! I stand strongly &amp; proudly with the great Police Officers and Law Enforcement of Minneapolis and the Great State of Minnesota! See you Thursday Night!'
1181576256904744964,|b'Thank you to Lt. Bob Kroll of the great Minneapolis Police Department for your kind words on @foxandfriends. The Police are fighting the Radical Left Mayor, and his ridiculous Uniform Ban. Actually, I LOVE the Cops for Trump shirts. Want to bring some home. I am with you 100%!!!!'|
1181571571787403265,|b'I think that Crooked Hillary Clinton should enter the race to try and steal it away from Uber Left Elizabeth Warren. Only one condition. The Crooked one must explain all of her high crimes and misdemeanors including how &amp; why she deleted 33,000 Emails AFTER getting \xe2\x80\x9cC\xe2\x80\x9d Subpoena!'|
1181560772255719424,|b'....to see. Importantly, Ambassador Sondland\xe2\x80\x99s tweet, which few report, stated, \xe2\x80\x9cI believe you are incorrect about President Trump\xe2\x80\x99s intentions. The President has been crystal clear: no quid pro quo\xe2\x80\x99s of any kind.\xe2\x80\x9d That says it ALL!'|
1181560708808486914,|b'I would love to send Ambassador Sondland, a really good man and great American, to testify, but unfortunately he would be testifying before a totally compromised kangaroo court, where Republican\xe2\x80\x99s rights have been taken away, and true facts are not allowed out for the public....'|
1181553636444426240,|b'....understands that while we only had 50 soldiers remaining in that section of Syria, and they have been removed, any unforced or unnecessary fighting by Turkey will be devastating to their economy and to their very fragile currency. We are helping the Kurds financially/weapons!'|
1181553630354259968,|b'We may be in the process of leaving Syria, but in no way have we Abandoned the Kurds, who are special people and wonderful fighters. Likewise our relationship with Turkey, a NATO and Trading partner, has been very good. Turkey already has a large Kurdish population and fully....'|
1181547333990916097,|b'.....good health, at my request, Pastor Brunson, who had many years of a long prison term remaining. Also remember, and importantly, that Turkey is an important member in good standing of NATO. He is coming to the U.S. as my guest on November 13th. #ENDENDLESSWARS'|
1181547331822456832,|b'So many people conveniently forget that Turkey is a big trading partner of the United States, in fact they make the structural steel frame for our F-35 Fighter Jet. They have also been good to deal with, helping me to save many lives at Idlib Province, and returning, in very.....'|
1181542327711600642,|b'The lightweight mayor is hurting the great police and other wonderful supporters. 72,000 ticket requests already. Dump Frey and Omar! Make America Great Again! https://t.co/ibTqvSbsbn'|
1181540820824014848,b'RT @toddstarnes: EXTORTION! Minneapolis Mayor Tries to Shut Down Trump\'s "Keep America Great" Rally https://t.co/oHprL8dmvR via @toddstarnes'
1181540799374344194,b'RT @parscale: This is an outrageous abuse of power by a liberal mayor trying to deny the rights of his own city\xe2\x80\x99s residents just because he\xe2\x80\xa6'
1181540621066092549,b'Thank you Joni! https://t.co/1DoUqOvOpp'
1181425038618177536,b'RT @TeamTrump: President @realDonaldTrump is negotiating REAL trade deals for the American people.\n\nHe\xe2\x80\x99s made fairer trade deals with:\n\n\xe2\x9c\x85 J\xe2\x80\xa6'
1181424863954837505,b'RT @TeamTrump: WATCH: President @realDonaldTrump discusses signing two early outcomes from trade negotiations with Japan!\n\n1\xef\xb8\x8f\xe2\x83\xa3 Will allow b\xe2\x80\xa6'
1181424753040596993,|b'RT @WhiteHouse: President @realDonaldTrump just signed two new trade agreements with Japan, changing the game for American farmers and ranc\xe2\x80\xa6'|
1181424537482797057,b'RT @PressSec: Our Commander-in-Chief @realDonaldTrump has made it his priority to keep this country safe and empower our military leaders!\xe2\x80\xa6'
1181424453508567041,|b'RT @CLewandowski_: Great to be on with @LouDobbs reminding the American people of the Promises Made, Promises Kept by @realDonaldTrump http\xe2\x80\xa6'|
1181424371212140544,|b"RT @parscale: The radical Mayor of Minneapolis, @Jacob_Frey, is abusing his power in an attempt to block the President's supporters from se\xe2\x80\xa6"|
1181422696250384384,b'RT @SteveScalise: This entire process has been a scam.\n\nDems now plan to only allow themselves and their staff to know the whistleblower\xe2\x80\x99s\xe2\x80\xa6'
1181422346697138176,b'Adam should be Impeached! https://t.co/q7YRUWsJxy'
1181421753286959104,b'Great book! https://t.co/i6GwghuEsU'
1181421339607011328,b'RT @MZHemingway: VDH: "The only Trump \'crime\' was in his winning an election he was not supposed to win." https://t.co/OktSCWn3dC'
1181421197302611968,b"RT @AP_Scoop: FBI Lovebirds premieres TONIGHT at 9PM EST!  Don't forget to sign up at https://t.co/0waUPlIErW so you see the video as soon\xe2\x80\xa6"
1181420692572692480,b'RT @seanmdav: Lawmakers in both chambers have demanded that IC IG Michael Atkinson explain why he backdated to August secret changes he mad\xe2\x80\xa6'
1181420455833538560,|b'RT @JohnCornyn: The do it in secret, cherry pick and leak whatever furthers their narrative.  Put it out there for all to see. https://t.co\xe2\x80\xa6'|
1181420325516566528,b'RT @MZHemingway: County Records Contradict Warren\xe2\x80\x99s Claim She Was Fired Over Pregnancy\xc2\xa0 https://t.co/uJXjq96r7e'
1181420310383529984,|b'RT @brithume: Uh, oh. https://t.co/uFnwzCPT0f'|
1181420055948603392,|b"RT @KimStrassel: When even the WaPo fact checkers can't avoid calling out Schiff, it's bad....  https://t.co/UKIRguaTrZ"|
1181420040572276736,|b'RT @cathybuffaloe: "If the public can\xe2\x80\x99t trust Mr. Schiff to be honest about the origins of his information, why should they trust his claim\xe2\x80\xa6'|
1181419505349730305,b'RT @ShannonBream: Per Catherine Herridge:  IC Inspector General told lawmakers the whistleblower did not disclose contact w Schiff/Committe\xe2\x80\xa6'
1181419438874251264,b"RT @KimStrassel: Kimberley Strassel on Dems' 'mystifying' impeachment push: Americans will see the 'double standard' https://t.co/aAYlcTcY1\xe2\x80\xa6"
1181419388739686402,b'RT @KimStrassel: Impeachment insanity. The Kavanaugh hit. FBI/DOJ abuse of power. The Mueller mess. Leaks. Media malpractice. In just 10 da\xe2\x80\xa6'
1181419268677742595,b'RT @hughhewitt: I have promoted @KimStrassel book frequently on the air and in two @washingtonpost columns because it persuasively and succ\xe2\x80\xa6'
1181418309822095362,b'RT @MZHemingway: EXCLUSIVE: Report Shows FBI Official Received Sports Tickets From CNN Reporter And Lied About It To Investigators https://\xe2\x80\xa6'
1181417676297703425,|b'RT @GOPChairwoman: New data is out on median income growth:\n\nUnder Barack Obama, incomes rose $11 a month.\n\nUnder @realDonaldTrump, incomes\xe2\x80\xa6'|
1181417086851125248,|b'\xe2\x80\x9cThere are no felonies, there are no Impeachable offenses. The Constitution\xe2\x80\x99s very clear that you need bribery, treason, or other high crimes and misdemeanors. You can\xe2\x80\x99t be impeached for the conduct that\xe2\x80\x99s been alleged in this case.\xe2\x80\x9d @AlanDersh Dershowitz. @seanhannity  A Scam!'|
1181414654901403648,b'RT @realDonaldTrump: https://t.co/4zENOQPQ11'
1181414637553831936,b'RT @JesseBWatters: This is why the democrats are so nervous. Because President @realdonaldtrump is finally dialing in on the corruption and\xe2\x80\xa6'
1181414529554620416,b'RT @Jim_Jordan: \xe2\x80\x9cDemocrats trying to impeach President Trump are misusing their authority\xe2\x80\x9d\n\nhttps://t.co/rnajju0GC4'
1181414137630531585,b'RT @IvankaTrump: Today the USA and Japan signed 2 new trade agreements \xf0\x9f\x87\xba\xf0\x9f\x87\xb8 \xf0\x9f\x87\xaf\xf0\x9f\x87\xb5\n\n1) Agricultural Agt: +90% of US ag imports into Japan will be\xe2\x80\xa6'
1181413216615837697,b'RT @trish_regan: DREAM BIG and always be open to opportunities \xe2\x80\x93 that\xe2\x80\x99s @IvankaTrump\xe2\x80\x99s advice to all #Americans \xe2\x80\x93 watch: https://t.co/JekyV\xe2\x80\xa6'
1181326889480282112,b'https://t.co/4zENOQPQ11'
1181251003129180166,b'Thank you @HeyTammyBruce! https://t.co/WYtJQmWv26'
1181249853801877508,b'"The Truth About Impeachment"\n@SteveHiltonx @NextRevFNC https://t.co/3Pe2zClfUK'
1181232251390042118,|b'....the captured ISIS fighters and families. The U.S. has done far more than anyone could have ever expected, including the capture of 100% of the ISIS Caliphate. It is time now for others in the region, some of great wealth, to protect their own territory. THE USA IS GREAT!'|
1181232249821388801,|b'As I have stated strongly before, and just to reiterate, if Turkey does anything that I, in my great and unmatched wisdom, consider to be off limits, I will totally destroy and obliterate the Economy of Turkey (I\xe2\x80\x99ve done before!). They must, with Europe and others, watch over...'|
1181229390291767297,|b"RT @Doranimated: From the archives || Surprised by what you're seeing in Northern Syria? I'm not. Back in January 2018, I explained the dile\xe2\x80\xa6"|
1181229314412613633,|b'RT @Doranimated: We aligned under Obama not with \xe2\x80\x9cthe Kurds,\xe2\x80\x9d but with the PKK, the sworn enemy of the Turkish Republic, our ally.  We were\xe2\x80\xa6'|
1181229108707115008,|b'RT @hughhewitt: Turkey can\xe2\x80\x99t want a war with Kurds but if it does we can\xe2\x80\x99t be killing Turks with Americans throughout Turkey, our base ther\xe2\x80\xa6'|
1181228950665748482,b'RT @hughhewitt: Stream of stories in @Jerusalem_Post about @realDonaldTrump and Turkey: https://t.co/iTl0I0iIpd Now breaking news of an Erd\xe2\x80\xa6'
1181228767441833984,b'RT @hughhewitt: I went w/ @AmbJohnBolton to Jerusalem and Ankara in January Michael. I don\xe2\x80\x99t know what we can do other than a staged withdr\xe2\x80\xa6'
1181228477099528192,b'RT @KurtSchlichter: Turkey is invading Northrrn Syria.\n\nThe President is keeping us out of it.\n\nThe gang that never met a war they didn\xe2\x80\x99t w\xe2\x80\xa6'
1181227887543894016,|b'....down, watching over a quagmire, &amp; spending big dollars to do so. When I took over, our Military was totally depleted. Now it is stronger than ever before. The endless and ridiculous wars are ENDING! We will be focused on the big picture, knowing we can always go back &amp; BLAST!'|
1181227885841002496,|b'I was elected on getting out of these ridiculous endless wars, where our great Military functions as a policing operation to the benefit of people who don\xe2\x80\x99t even like the USA. The two most unhappy countries at this move are Russia &amp; China, because they love seeing us bogged.....'|
1181212691203084289,|b'The Radical Left Democrats have failed on all fronts, so now they are pushing local New York City and State Democrat prosecutors to go get President Trump. A thing like this has never happened to any President before. Not even close!'|
1181207822039683079,|b'....doesn\xe2\x80\x99t even include the almost $2000 that the families got from the Trump Tax Cut.\xe2\x80\x9d Stephen Moore, Freedomworks  That means $5000 to $6000 more in disposable yearly income that Americans have right now because of President Trump!'|
1181207817715421184,|b'Heritage Foundation \xe2\x80\x9cThese numbers are blockbusters. Just since Donald Trump took office, Median Family Incomrs are up over $4,100. In 8 years under President Obama, they only went up $1000. In one third the time, President Trump has increased incomes 4 times as much, and that...'|
1181202101327843329,|b'\xe2\x80\x9cIncomes much higher under Trump than Bush, Obama.\xe2\x80\x9d @foxandfriends And almost everything else is better also (except I am driving the Deep State, and the Radical Left, Do Nothing Democrats, CRAZY)!'|
1181178546150092800,|b'\xe2\x80\x9cIG: DECLASSIFIED INFORMATION CONTRADICTS THE WHISTLEBLOWER.\xe2\x80\x9d @foxandfriends  But why are people surprised? The \xe2\x80\x9cpartisan\xe2\x80\x9d Whistleblower was very wrong on what was said on my perfect, \xe2\x80\x9cno pressure,\xe2\x80\x9d call with the Ukrainian President. Bring in another Whistleblower from the bench!'|
1181175266409889793,|b'We just WON the big court case on Net Neutrality Rules! A great win for the future and speed of the internet. Will lead to many big things including 5G. Congratulations to the FCC and its Chairman, Ajit Pai!'|
1181172467676565505,|b'...figure the situation out, and what they want to do with the captured ISIS fighters in their \xe2\x80\x9cneighborhood.\xe2\x80\x9d They all hate ISIS, have been enemies for years. We are 7000 miles away and will crush ISIS again if they come anywhere near us!'|
1181172465772482563,|b'....almost 3 years, but it is time for us to get out of these ridiculous Endless Wars, many of them tribal, and bring our soldiers home. WE WILL FIGHT WHERE IT IS TO OUR BENEFIT, AND ONLY FIGHT TO WIN. Turkey, Europe, Syria, Iran, Iraq, Russia and the Kurds will now have to.....'|
1181172462291243008,|b'.....again said \xe2\x80\x9cNO,\xe2\x80\x9d thinking, as usual, that the U.S. is always the \xe2\x80\x9csucker,\xe2\x80\x9d on NATO, on Trade, on everything. The Kurds fought with us, but were paid massive amounts of money and equipment to do so. They have been fighting Turkey for decades. I held off this fight for....'|
1181172459325800448,|b'....including capturing thousands of ISIS fighters, mostly from Europe. But Europe did not want them back, they said you keep them USA! I said \xe2\x80\x9cNO, we did you a great favor and now you want us to hold them in U.S. prisons at tremendous cost. They are yours for trials.\xe2\x80\x9d They.....'|
1181172457811697664,|b'The United States was supposed to be in Syria for 30 days, that was many years ago. We stayed and got deeper and deeper into battle with no aim in sight. When I arrived in Washington, ISIS was running rampant in the area. We quickly defeated 100% of the ISIS Caliphate,.....'|
1181033360241709056,|b'....This makes Nervous Nancy every bit as guilty as Liddle\xe2\x80\x99 Adam Schiff for High Crimes and Misdemeanors, and even Treason. I guess that means that they, along with all of those that evilly \xe2\x80\x9cColluded\xe2\x80\x9d with them, must all be immediately Impeached!'|
1181033358794661889,|b'Nancy Pelosi knew of all of the many Shifty Adam Schiff lies and massive frauds perpetrated upon Congress and the American people, in the form of a fraudulent speech knowingly delivered as a ruthless con, and the illegal meetings with a highly partisan \xe2\x80\x9cWhistleblower\xe2\x80\x9d &amp; lawyer...'|
1180994860188360704,|b'.@60Minutes \xe2\x80\x9cforgot\xe2\x80\x9d to report that we are helping the great farmers of the USA to the tune of 28 Billion Dollars, for the last two years, paid for out of Tariffs paid to the United States by China for targeting the farmer. They devalued their currency, therefore paying the cost!'|
1180990908000559104,|b'Unemployment Rate just dropped to 3.5%, the lowest in more that 50 years. Is that an impeachable event for your President?'|
1180990087749935105,|b'Gerry Baker of @WSJatLarge  \xe2\x80\x9cDo you think what you\xe2\x80\x99ve seen rises to the level of impeachment?\xe2\x80\x9d Ken Starr, Clinton Special Prosecutor. \xe2\x80\x9cI don\xe2\x80\x99t!\xe2\x80\x9d'|
1180987393115074560,b'Sleepy Eyes Chuck Todd of \xe2\x80\x9cMeet the Press\xe2\x80\x9d had a total meltdown in his interview with highly reaspected Senator @RonJohnsonWI. Seems that a not very bright Chuck just wasn\xe2\x80\x99t getting the answers he was looking for in order to make me look as bad as possible. I did NOTHING wrong!'
1180986664912588802,|b'Join me at the Target Center in Minneapolis, Minnesota this Thursday, October 10th at 7:00pm! Tickets: https://t.co/xqJzZt7gsp https://t.co/3YWJOo6MnZ'|
1180982480083570688,|b'Good job, I must say, by Bob Woodward on \xe2\x80\x9cDeface the Nation.\xe2\x80\x9d The CBS no name host(ess), and other guest, Peter Baker of The Failing New York Times, were totally biased, boring and wrong (as usual), but Woodward was cool, calm and interesting. Thank you Bob!'|
1180967365686824960,|b'RT @senjudiciary: TODAY: Chairman @LindseyGrahamSC urges Prime Ministers of Australia, Italy and the United Kingdom to continue working wit\xe2\x80\xa6'|
1180967311534149634,b'RT @LindseyGrahamSC: Who were these people? \n\nWhat were they up to?   \n \nOnly by full disclosure can President @realDonaldTrump adequately\xe2\x80\xa6'
1180967293645393922,|b'RT @LindseyGrahamSC: Also, House Republicans should have the ability to find out ALL THOSE involved in providing information to the whistle\xe2\x80\xa6'|
1180967230990884866,b'RT @LindseyGrahamSC: It\xe2\x80\x99s not right Democrats in the House helped the whistleblower prepare their complaint.  \n\nhttps://t.co/LpE7y2bVFb'
1180967187114270725,|b'RT @senjudiciary: @LindseyGrahamSC @TheJusticeDept Chairman Graham noted, \n\n\xe2\x80\x9cThat the Attorney General is holding meetings with your countr\xe2\x80\xa6'|
1180966726227386368,b'Democrat lawyer is same for both Whistleblowers? All support Obama and Crooked Hillary. Witch Hunt! https://t.co/KL78g24AXx'
1180959338619428865,b'RT @w_terrence: I MET PRESIDENT TRUMP TODAY! \n\nGrowing up I went from foster house to foster house &amp; i never thought I would be at the Whit\xe2\x80\xa6'
1180959154258751489,b'RT @w_terrence: 2 TIME LOSING MITT ROMNEY\n\nRomney begged President Trump to endorse him in 2012 &amp; now he\xe2\x80\x99s always attacking Trump. UNLOYAL!\xe2\x80\xa6'
1180939260146470912,b'DRAIN THE SWAMP!'
1180939171755630599,|b'Will be in Minnesota on Thursday night. Massive response, crowd and enthusiasm (actually, all over the Country) will be beyond belief! Same thing in Louisiana on Friday. Big and Bold USA!'|
1180925566951788545,b'https://t.co/Xsk50hrvvW'
1180925164080582657,b'https://t.co/Q6LzFFTLyX'
1180905827932278785,b'RT @RepChrisStewart: Dems have been trying for 3 years to impeach the President. They aren\xe2\x80\x99t \xe2\x80\x9cpained\xe2\x80\x9d by this. They\xe2\x80\x99re excited. And it\xe2\x80\x99s te\xe2\x80\xa6'
1180899945701879808,|b'Going to Louisiana on Friday night for a big Republican Rally. Keep Democrat Governor Edwards under 50%, force a runoff, and have a great new Republican Governor! Voting on Saturday. Information for Rally to follow.'|
1180889650333917190,b'#DONOTHINGDEMOCRATS'
1180886040791388161,|b'....And by the way, I would LOVE running against 1% Joe Biden - I just don\xe2\x80\x99t think it\xe2\x80\x99s going to happen. Sleepy Joe won\xe2\x80\x99t get to the starting gate, &amp; based on all of the money he &amp; his family probably \xe2\x80\x9cextorted,\xe2\x80\x9d Joe should hang it up. I wouldn\xe2\x80\x99t want him dealing with China &amp; U!'|
1180886039801602048,|b'The Biden family was PAID OFF, pure and simple! The fake news must stop making excuses for something that is totally inexcusable. Sleepy Joe said he never spoke to the Ukrainian company, and then the picture came out where he was playing golf with the company boss and Hunter.....'|
1180859894003572736,|b'....and separately got 1.5 Billion Dollars from China despite no experience and for no apparent reason. There is NO WAY these can be legitimate transactions? As lawyers &amp; others have stated, as President, I have an OBLIGATION to look into possible, or probable, CORRUPTION!'|
1180859889381466113,|b'It is INCREDIBLE to watch and read the Fake News and how they pull out all stops to protect Sleepy Joe Biden and his thrown out of the Military son, Hunter, who was handed $100,000 a month (Plus,Plus) from a Ukrainian based company, even though he had no experience in energy,...'|
1180836514743357440,|b'The Democrats are lucky that they don\xe2\x80\x99t have any Mitt Romney types. They may be lousy politicians, with really bad policies (Open Borders, Sanctuary Cities etc.), but they stick together!'|
1180836237239816192,b'95% Approval Rating in Republican Party. Thank you!'
1180835848985743360,b'RT @GOPChairwoman: Dollars are the real polls right now.\n \nWe\xe2\x80\x99re DOUBLE where President Obama was at this point in his re-election.\n \nAmeri\xe2\x80\xa6'
1180835655099834369,b'RT @GOPChairwoman: Don\xe2\x80\x99t miss out on the latest \xe2\x80\x9cBombshell Report" about @realDonaldTrump.\n\nUnemployment for Hispanic and African-Americans\xe2\x80\xa6'
1180835536086470656,b'The Do Nothing Democrats are being exposed! https://t.co/Z5G5oEQOqs'
1180834645128204288,b'RT @realDonaldTrump: Book is doing really well. A study in unfairness to a potentially great Justice! https://t.co/i6GwghuEsU'
1180833586380972034,b'The great Scam is being revealed! https://t.co/Ny429UTVUn'
1180832398197571585,b"RT @realDonaldTrump: \xe2\x80\x9cPelosi Blatantly Lies During @GMA Interview About Schiff's Reading of Ukraine Transcript\xe2\x80\x9dhttps://t.co/a6HEwMnEmU"
1180832249866047488,b'RT @realDonaldTrump: Thank you @robertjeffress! https://t.co/GW4hFDbIpj'
1180832053039906817,b'RT @realDonaldTrump: https://t.co/GZH38uGdCK'
1180831127734554625,|b'RT @JohnCornyn: San Francisco made a choice to tolerate vagrancy and encourage drug use. It made the problems worse, writes @HMDatMi https:\xe2\x80\xa6'|
1180830712980787202,|b'RT @JohnCornyn: Four Pinocchios|| Schiff\xe2\x80\x99s false claim his committee had not spoken to the whistleblower https://t.co/hSn9pCugY0'|
1180830651962073094,b'RT @TrumpStudents: Fox News\xe2\x80\x99 @GreggJarrett exposes Joe Biden\xe2\x80\x99s *obvious* Corruption &amp; why Congressional Democrats\xe2\x80\x99 push for impeachment is\xe2\x80\xa6'
1180830339410923520,|b'RT @influx_Divine: This is huge, great job standing up to the terrible double standard by this man. God bless sir.\nhttps://t.co/Pwv653dFcA\xe2\x80\xa6'|
1180829942998802432,b'RT @jasoninthehouse: Worthy. @GreggJarrett has done amazing research.  I suggest you pick up a copy. https://t.co/RVdUQJM39v'
1180667198093824001,b'https://t.co/uElgSLSoJ8'
1180664424375435265,b'https://t.co/UBsZoZb20g'
1180664060603518976,b'https://t.co/F84WZ5LveS'
1180653341539483650,|b'The first so-called second hand information \xe2\x80\x9cWhistleblower\xe2\x80\x9d got my phone conversation almost completely wrong, so now word is they are going to the bench and another \xe2\x80\x9cWhistleblower\xe2\x80\x9d is coming in from the Deep State, also with second hand info. Meet with Shifty. Keep them coming!'|
1180631325683982336,|b'\xe2\x80\x9cPresident Trump would be negligent if he did not bring this matter, Biden, up. If the V.P. of the U.S. is self enriching &amp; engaged in criminal behavior, at a minimum corrupt behavior, it ought to be looked at.\xe2\x80\x9d Peter Schweizer, author, \xe2\x80\x9cSecret Empires.\xe2\x80\x9d @marklevinshow'|
1180628130941345798,b'Schiff and the Do Nothing Dems have lost all credibility...but the corrupt Media is working hard to keep them in the game! https://t.co/VufsDqYUVu'
1180624940212641793,|b'Mitt, get off the stage, you\xe2\x80\x99ve had your turn (twice)! https://t.co/zz6TA6XoGe'|
1180613975572135943,|b'RT @realDonaldTrump: So Crooked Hillary Clinton can delete and acid wash 33,000 emails AFTER getting a Subpoena from the United States Cong\xe2\x80\xa6'|
1180576872658280453,b"RT @RepMarkMeadows: This is real reason why Washington Democrats are trying to impeach.\n\nIt's because the results keep coming. And they're\xe2\x80\xa6"
1180576805893230592,b'RT @SteveScalise: Proven liar Adam Schiff is running the Democrats\xe2\x80\x99 impeachment scheme against @realDonaldTrump.\n\nSchiff\xe2\x80\x99s Record:\n- Collus\xe2\x80\xa6'
1180576714361102337,b"RT @RepMarkMeadows: There's a reason why Adam Schiff released cherry-picked text messages and not the transcript of the Volker interview. I\xe2\x80\xa6"
1180564696979648513,|b'So Crooked Hillary Clinton can delete and acid wash 33,000 emails AFTER getting a Subpoena from the United States Congress, but I can\xe2\x80\x99t make one totally appropriate telephone call to the President of Ukraine? Witch Hunt!'|
1180560592119222273,|b'No Kevin, Jeff Flake is better! https://t.co/IyENBffEjp'|
1180559858699030529,|b'I\xe2\x80\x99m hearing that the Great People of Utah are considering their vote for their Pompous Senator, Mitt Romney, to be a big mistake. I agree! He is a fool who is playing right into the hands of the Do Nothing Democrats! #IMPEACHMITTROMNEY'|
1180551689818050562,|b'Not only are the Do Nothing Democrats interfering in the 2020 Election, but they are continuing to interfere in the 2016 Election. They must be stopped!'|
1180532150053085185,b'https://t.co/CP7N9ASHKJ'
1180524614268653568,b'"Schiff is a FRAUD!" @dbongino https://t.co/Izexu2Nb1S'
1180521871223246848,b'THIS IS THE REAL STORY! @GreggJarrett https://t.co/aWrTySHJqL'
1180521553932488705,b'RT @realDonaldTrump: LYIN\xe2\x80\x99 SHIFTY SCHIFF! https://t.co/vSZgFz9fIS'
1180487139546546182,|b'Mitt Romney never knew how to win. He is a pompous \xe2\x80\x9cass\xe2\x80\x9d who has been fighting me from the beginning, except when he begged me for my endorsement for his Senate run (I gave it to him), and when he begged me to be Secretary of State (I didn\xe2\x80\x99t give it to him). He is so bad for R\xe2\x80\x99s!'|
1180484483147059200,|b'Somebody please wake up Mitt Romney and tell him that my conversation with the Ukrainian President was a congenial and very appropriate one, and my statement on China pertained to corruption, not politics. If Mitt worked this hard on Obama, he could have won. Sadly, he choked!'|
1180482408522629120,|b'The so-called Whistleblower\xe2\x80\x99s account of my perfect phone call is \xe2\x80\x9cway off,\xe2\x80\x9d not even close. Schiff and Pelosi never thought I would release the transcript of the call. Got them by surprise, they got caught. This is a fraud against the American people!'|
1180480067849338881,b'The Media is \xe2\x80\x9cFixed\xe2\x80\x9d and Corrupt. It bears no relationship to the truth. The @nytimes &amp; @washingtonpost are pure fiction. Totally dishonest reporting!'
1180340705308413952,b'"NEW EXTREME DEMS NOW RUNNING THE PARTY!" https://t.co/nEAvcUGpZZ'
1180336118207787008,b'Thank you @KimStrassel and @AndrewCMcCarthy! https://t.co/aR6J1KIPRX'
1180334708175130624,b'SHIFTY SCHIFF DUPED BY RUSSIAN PRANKSTERS! https://t.co/CpIL0b5FLW'
1180333195763634176,b'https://t.co/GZH38uGdCK'
1180329058862866432,b'Too bad! https://t.co/UFHAIlhoCe'
1180323756423692288,b'https://t.co/N3FaZ5UVI0'
1180323056050421761,b'RT @GreggJarrett: It seems as if Congressman Schiff has fabricated so many stories that he cannot remember his part of the newest script...\xe2\x80\xa6'
1180322962412576768,b'Thank you @robertjeffress! https://t.co/GW4hFDbIpj'
1180322836113743872,b'RT @GreggJarrett: Witch Hunt: The Story of the Greatest Mass Delusion in American Political History - get your copy now! https://t.co/BLXVt\xe2\x80\xa6'
1180322833316171778,b'\xe2\x80\x9cReport: \xe2\x80\x98Whistleblower\xe2\x80\x99 Never Disclosed Contact with House Intel Panel to Inspector General\xe2\x80\x9dhttps://t.co/Pmhqdgmxba'
1180322797102522368,b'GREAT BOOK! https://t.co/LrRr1xhS0d'
1180322404679241728,b"\xe2\x80\x9cPelosi Blatantly Lies During @GMA Interview About Schiff's Reading of Ukraine Transcript\xe2\x80\x9dhttps://t.co/a6HEwMnEmU"
1180322034401841152,|b'RT @paulsperry_: BREAKING: Conflicted, Biased Inspector General Has Long Track Record of \'Pulling Punches," Warn Former Investigators\nhttps\xe2\x80\xa6'|
1180321695665704963,b'RT @trish_regan: .@ivankatrump wants businesses to work hand and hand with government to identify and train American workers for the future\xe2\x80\xa6'
1180320417250267137,|b'RT @paulsperry_: Obama-trained Indivisible astroturfers -- fake protesters posing as constituents (or as CNN pretends, "voter[s]) -- were b\xe2\x80\xa6'|
1180320208466120704,b'RT @paulsperry_: Watching CNN is like seeing the inner workings of an anti-Trump campaign war room. They are lucky they are cable and not r\xe2\x80\xa6'
1180320198391484417,|b'RT @paulsperry_: The Obama admin launched an intelligence operation against Trump to derail his campaign &amp; presidency in 2016-17, and now h\xe2\x80\xa6'|
1180320019588276224,|b'RT @paulsperry_: Once voters understand that Trump was set up and framed by intelligence ops like the whistleblower in 2016, falsely accuse\xe2\x80\xa6'|
1180319849517592576,b'RT @paulsperry_: BREAKING: The whistleblower is a registered Democrat &amp; CIA analyst who was detailed before the 2016 election to the Obama\xe2\x80\xa6'
1180319734753046528,b'Where is the LameStream Media on this? https://t.co/Qaak5dvyKC'
1180316198598270981,b'Thanks Jim. Would be great to just run our Country! https://t.co/8GcmgQaVYK'
1180309422557597697,b'\xe2\x80\x9cEx-Envoy testified Ukraine (or the President of Ukraine) never raised Quid Pro Quo concerns with him: source.\xe2\x80\x9d @seanhannity @FoxNews  The President of Ukraine also stated that he was NOT PRESSURED by me in any way. END OF CASE!'
1180307953557090304,|b'....of Ukraine, and cannot find any reason to charge the President with high crimes &amp; misdemeanors. This is just a phony Witch Hunt, perpetuated by Democrats to get rid of Trump because they cannot beat him in a fair election.\xe2\x80\x9d  Richard Ketay'|
1180307952210759687,|b'\xe2\x80\x9cIt isn\xe2\x80\x99t often I get angry at the dirty politics of the Democrats in Congress, but this time I am enraged and hope this impeachment charade will backfire on Reps. Pelosi &amp; Schiff, &amp; the Democrats. I have read thoroughly the telephone conversation between Trump &amp; the President...'|
1180302184296144896,|b'RT @DeFede: This morning in the Florida Keys, @marcorubio was asked about the President calling on China to investigate @JoeBiden - see his\xe2\x80\xa6'|
1180285319784079360,|b'Along with Pelosi and her boss AOC, the Do Nothing Democrat \xe2\x80\x9cleader.\xe2\x80\x9d https://t.co/PILyE1c220'|
1180262686942208000,|b'Join me at the Target Center in Minneapolis, Minnesota next Thursday, October 10th at 7:00pm! Tickets: https://t.co/xqJzZt7gsp https://t.co/EDkr6JYysX'|
1180249663489937410,|b'My daughter Ivanka will be on @trish_regan tonight on @FoxBusiness at 8:00 P.M., following the great @LouDobbs at 7:00. Enjoy!'|
1180248057159540737,|b'....it to Congress, and the American people, as though it was the statement of the President of the United States, me. He did it to fool Congress and the public in order to make me look BAD. He is a sick puppy!'|
1180248056241049601,|b'\xe2\x80\x9cAdam Schiff\xe2\x80\x99s connection to the Whistleblower is coming to light.\xe2\x80\x9d @FoxNews  These facts, and others, make it impossible for the ridiculous impeachment \xe2\x80\x9cscam\xe2\x80\x9d to go forward! Schiff has also committed a crime, perhaps treason, in making up a horrible statement and reading....'|
1180245134363025415,b'LYIN\xe2\x80\x99 SHIFTY SCHIFF! https://t.co/vSZgFz9fIS'
1180244432647524355,|b'\xe2\x80\x9cWhen your making an unsubstantiated charge that the President of the United States is making a request having to do with quid pro quo, this witness has blown a big hole into that statement.The Ambassador put a dagger in the heart of Schiffs fairytale.\xe2\x80\x9d  Rep. Lee Zeldin @FoxNews'|
1180242480991748097,b'https://t.co/KYEzdMjl2k'
1180241849199583233,|b'I have just officially nominated Poland for entry into the Visa Waiver Program. With this decades long-awaited announcement, we are in the final steps of the process which, when complete, would grant Polish nationals visa-free business and tourism travel to the U.S. &amp; vice versa.'|
1180241114403610626,|b'At the request of @SenThomTillis, I have declared a major disaster for the Great State of North Carolina to help with damages from Hurricane Dorian. Assistance now unlocked to recover stronger than ever! Thom loves N.C,. and so do I!'|
1180240498478534658,|b'Under my Administration, Medicare Advantage premiums next year will be their lowest in the last 13 years. We are providing GREAT healthcare to our Seniors. We cannot let the radical socialists take that away through Medicare for All!'|
1180239573139562496,|b'RT @SecAzar: Thanks to US leadership under @POTUS, vaccines &amp; therapeutics are saving lives and helping those affected by the #Ebola outbre\xe2\x80\xa6'|
1180239462476996609,b'RT @WhiteHouse: LIVE: POTUS at the Young Black Leadership Summit https://t.co/fup7JeCSG7'
1180207709985165313,|b'WOW, this is big stuff! https://t.co/H12yxMfua3'|
1180123504924151809,b'\xe2\x80\x9cI think it\xe2\x80\x99s outrages that a Whistleblower is a CIA Agent.\xe2\x80\x9d  Ed Rollins @FoxNews'
1180117361380200448,|b'\xe2\x80\x9cThe witness was asked at least 20 times, and there definitely was no Quid Pro Quo.\xe2\x80\x9d  @RepMarkMeadows @FoxNews  Their whole case was built around this, now they no longer mention!'|
1180116404839817216,|b'\xe2\x80\x9cWhen your making an unsubstantiated statement that the President is making a claim having to do with quid pro quo, this witness has blown a big hole into that statement. The Ambassador put a dagger in the heart of Schiffs fairytale.\xe2\x80\x9d  Rep. Lee Zeldin'|
1180112745078956034,b'https://t.co/uYyoaCXuqu'
1180108227838697472,|b'The Whistleblower, who had the facts wrong about the phone call, reached out, and more, to the Democrat controlled House Intelligence Committee. Schiff never told us about this!'|
1180102056411095042,|b'Breaking News: Unemployment Rate, at 3.5%, drops to a 50 YEAR LOW. Wow America, lets impeach your President (even though he did nothing wrong!).'|
1180094411323117568,|b'As President I have an obligation to end CORRUPTION, even if that means requesting the help of a foreign country or countries. It is done all the time. This has NOTHING to do with politics or a political campaign against the Bidens. This does have to do with their corruption!'|
1180088140004040706,|b'The Washington Times, \xe2\x80\x9cUkraine envoy blows \xe2\x80\x98massive hole\xe2\x80\x99 into Democrat accusations. Republicans at hearing find no Trump Pressure.\xe2\x80\x9d The Ukrainian President also strongly stated that NO pressure was put on him. Case Closed!'|
1180083913051578368,|b'RT @realDonaldTrump: This isn\xe2\x80\x99t about a Campaign, this is about Corruption on a massive scale! https://t.co/DOCvfM8eqi'|
1179949923833384960,b'https://t.co/WaLS3cL5ng'
1179944461067005952,|b'Nancy Pelosi today, on @GMA, actually said that Adam Schiffty Schiff didn\xe2\x80\x99t fabricate my words in a major speech before Congress. She either had no idea what she was saying, in other words lost it, or she lied. Even Clinton lover @GStephanopoulos strongly called her out. Sue her?'|
1179938275089367040,b'\xe2\x80\x9cThey (Do Nothing Dems) are trying to nullify an election...\xe2\x80\x9d Joe diGenova https://t.co/0a7Apd4kUO'
1179935210445647882,|b'This isn\xe2\x80\x99t about a Campaign, this is about Corruption on a massive scale! https://t.co/DOCvfM8eqi'|
1179932948138725377,|b'We are simultaneously fighting the Fake News Media and their partner, the Democrat Party. Always tough to beat the \xe2\x80\x9cPress,\xe2\x80\x9d but people are beginning to see how totally CORRUPT they are, and it makes our job a whole lot easier!'|
1179931284900122625,b'Great job Jim! https://t.co/JMuE3pRWmk'
1179931107111907333,b'AOC is a Wack Job! https://t.co/LU3hIeek0c'
1179929713197883393,b'The Do Nothing Democrats don\xe2\x80\x99t have time to get it done! https://t.co/2cwyMtT3Gu'
1179929352038957057,b'RT @FLOTUS: A great first day in #WY. Met w/ Jackson District @boyscouts at the elk antler arches in town square learning about their conse\xe2\x80\xa6'
1179928713305174017,b'RT @realDonaldTrump: The Greatest Witch Hunt in the history of our Country! https://t.co/5wvry1rkBT'
1179928424690925570,b'RT @JesseBWatters: \xe2\x80\x9cJust because Joe Biden is running against President @realdonaldtrump doesn\xe2\x80\x99t mean he\xe2\x80\x99s above the law.\xe2\x80\x9d #TheFive https:/\xe2\x80\xa6'
1179928359679270912,b'Another big loss for the Do Nothing Dems! https://t.co/Pwp7dYdF8e'
1179925259417468928,|b'As the President of the United States, I have an absolute right, perhaps even a duty, to investigate, or have investigated, CORRUPTION, and that would include asking, or suggesting, other Countries to help us out!'|
1179898724899835904,|b'"...blowing MASSIVE holes inside of the theory, the narrative, that Chairman Schiff has been providing to the public." @RepLeeZeldin https://t.co/CUJhiKZfgr'|
1179894472739627008,b'The Greatest Witch Hunt in the history of our Country! https://t.co/5wvry1rkBT'
1179891326151733249,|b'Today at The Villages in Florida, it was my great honor to sign an Executive Order on protecting and improving Medicare for our Nation\xe2\x80\x99s Seniors. Today\xe2\x80\x99s action is only the latest of many important steps we are taking to dramatically improve healthcare for the American People! https://t.co/nWfn2r10o5'|
1179869164632043520,|b'\xe2\x80\x9cIt was just a congenial phone call, but its become so big. I\xe2\x80\x99ve never seen the Media work so hard with so little.\xe2\x80\x9d @greggutfeld @FoxNews  Witch Hunt!'|
1179863468582719488,|b'Thank you @JennaEllisRives, really well done! https://t.co/N2VsQ8y0rb'|
1179862105945542656,b'DRAIN THE SWAMP! https://t.co/N3FaZ5Dkjq'
1179859755478634497,b'\xe2\x80\x9cThis is yet again an example of Democrats projecting THEIR criminal acts on President Trump. President Trump is an innocent man. It is a lawless coup attempt against a duly elected President.\xe2\x80\x9d @replouiegohmert @BreitbartNews'
1179857849570082817,b'\xe2\x80\x9cTrump Fundraising Haul Shows Impeachment Backfiring on Dems\xe2\x80\x9d https://t.co/LM1hTQX0lY'
1179856669901111297,b'There wasn\xe2\x80\x99t ANYTHING said wrong in my conversation with the Ukrainian President. This is a Democrat Scam!'
1179847803574423552,b'Great time at The Villages in Florida today. Sorry we couldn\xe2\x80\x99t get everybody in. I will be back soon! https://t.co/ia87A0sEue'
1179840448225054720,b'ELECTION INTERFERENCE!'
1179807522116575232,|b'95% Approval Rating in the Republican Party, and record setting fundraising that has taken place over the past two weeks. Thank you!'|
